


insert into esquemas values
('18851998','PEDIDOS',(select current_timestamp),true);


-- PARA CREAR UNA NUEBA BD PARA LA APP
drop schema if exists PEDIDOS;

create schema PEDIDOS;

CREATE TABLE PEDIDOS.EMPLEADOS(
EMPLEADOID int NOT NULL,
NOMBRE text NULL,
APELLIDO text NULL,
FECHA_NAC text NULL,
REPORTA_A int NULL,
EXTENSION int NULL,
CONSTRAINT PK_EMPLEADOS PRIMARY KEY (EMPLEADOID));

CREATE TABLE PEDIDOS.PROVEEDORES(
PROVEEDORID int NOT NULL,
NOMBREPROV text NOT NULL,
CONTACTO text NOT NULL,
CELUPROV text NULL,
FIJOPROV text NULL,
CONSTRAINT PK_PROVEEDORES PRIMARY KEY
(PROVEEDORID ) );

CREATE TABLE PEDIDOS.CATEGORIAS(
CATEGORIAID int NOT NULL,
NOMBRECAT text NOT NULL,
CONSTRAINT PK_CATEGORIAS PRIMARY KEY
(CATEGORIAID) ) ;

CREATE TABLE PEDIDOS.CLIENTES(
CLIENTEID int NOT NULL,
CEDULA_RUC text NOT NULL,
NOMBRECIA text NOT NULL,
NOMBRECONTACTO text NOT NULL,
DIRECCIONCLI text NOT NULL,
FAX text NULL,
EMAIL text NULL,
CELULAR text NULL,
FIJO text NULL,
CONSTRAINT PK_CLIENTES PRIMARY KEY
(CLIENTEID) );

CREATE TABLE PEDIDOS.ORDENES(
ORDENID int NOT NULL,
EMPLEADOID int NOT NULL,
CLIENTEID int NOT NULL,
FECHAORDEN text NOT NULL,
DESCUENTO int NULL,
CONSTRAINT PK_ORDENES PRIMARY KEY
(ORDENID) );


CREATE TABLE PEDIDOS.DETALLE_ORDENES(
ORDENID int NOT NULL,
DETALLEID int NOT NULL,
PRODUCTOID int NOT NULL,
CANTIDAD int NOT NULL,
CONSTRAINT PK_DETALLE_ORDENES PRIMARY KEY
(ORDENID,DETALLEID ) );

CREATE TABLE PEDIDOS.PRODUCTOS(
PRODUCTOID int NOT NULL,
PROVEEDORID int NOT NULL,
CATEGORIAID int NOT NULL,
DESCRIPCION text NULL,
PRECIOUNIT numeric NOT NULL,
EXISTENCIA int NOT NULL,
CONSTRAINT PK_PRODUCTOS PRIMARY KEY
(PRODUCTOID )) ;


/*INSERCIÓN DE DATOS EN LA BASE                */

insert into PEDIDOS.categorias (categoriaid, nombrecat) values (100, 'CARNICOS');
insert into PEDIDOS.categorias (categoriaid, nombrecat) values (200, 'LACTEOS');
insert into PEDIDOS.categorias (categoriaid, nombrecat) values (300, 'LIMPIEZA');
insert into PEDIDOS.categorias (categoriaid, nombrecat) values (400, 'HIGINE PERSONAL');
insert into PEDIDOS.categorias (categoriaid, nombrecat) values (500, 'MEDICINAS');
insert into PEDIDOS.categorias (categoriaid, nombrecat) values (600, 'COSMETICOS');
insert into PEDIDOS.categorias (categoriaid, nombrecat) values (700, 'REVISTAS');

insert into PEDIDOS.proveedores (proveedorid, nombreprov, contacto,celuprov,fijoprov) values
(10, 'DON DIEGO', 'MANUEL ANDRADE', '099234567','2124456');
insert into PEDIDOS.proveedores (proveedorid, nombreprov, contacto,celuprov,fijoprov) values
(20, 'PRONACA', 'JUAN PEREZ', '0923434467','2124456');
insert into PEDIDOS.proveedores (proveedorid, nombreprov, contacto,celuprov,fijoprov) values
(30, 'TONY', 'JORGE BRITO', '099234567','2124456');
insert into PEDIDOS.proveedores (proveedorid, nombreprov, contacto,celuprov,fijoprov) values
(40, 'MIRAFLORES', 'MARIA PAZ', '098124498','2458799');
insert into PEDIDOS.proveedores (proveedorid, nombreprov, contacto,celuprov,fijoprov) values
(50, 'ALMAY', 'PEDRO GONZALEZ', '097654567','2507190');
insert into PEDIDOS.proveedores (proveedorid, nombreprov, contacto,celuprov,fijoprov) values
(60, 'REVLON', 'MONICA SALAS', '099245678','2609876');
insert into PEDIDOS.proveedores (proveedorid, nombreprov, contacto,celuprov,fijoprov) values
(70, 'YANBAL', 'BETY ARIAS', '098124458','2450887');
insert into PEDIDOS.proveedores (proveedorid, nombreprov, contacto,celuprov,fijoprov) values
(120, 'JURIS', 'MANUEL ANDRADE', '099234567','2124456');
insert into PEDIDOS.proveedores (proveedorid, nombreprov, contacto,celuprov,fijoprov) values
(80, 'CLEANER', 'MANUEL ANDRADE', '099234567','2124456');
insert into PEDIDOS.proveedores (proveedorid, nombreprov, contacto,celuprov,fijoprov) values
(90, 'BAYER', 'MANUEL ANDRADE', '099234567','2124456');
insert into PEDIDOS.proveedores (proveedorid, nombreprov, contacto,celuprov,fijoprov) values
(110, 'PALMOLIVE', 'MANUEL ANDRADE', '099234567','2124456');

INSERT INTO PEDIDOS.PRODUCTOS VALUES (1,10,100,'SALCHICHAS VIENESAS',2.60,200);
INSERT INTO PEDIDOS.PRODUCTOS VALUES (2,10,100,'SALAMI DE AJO',3.60,300);
INSERT INTO PEDIDOS.PRODUCTOS VALUES (3,10,100,'BOTON PARA ASADO',4.70,400);
INSERT INTO PEDIDOS.PRODUCTOS VALUES (4,20,100,'SALCHICHAS DE POLLO',2.90,200);
INSERT INTO PEDIDOS.PRODUCTOS VALUES (5,20,100,'JAMON DE POLLO',2.80,100);
INSERT INTO PEDIDOS.PRODUCTOS VALUES (6,30,200,'YOGURT NATURAL',4.30,80);
INSERT INTO PEDIDOS.PRODUCTOS VALUES (7,30,200,'LECHE CHOCOLATE',1.60,90);
INSERT INTO PEDIDOS.PRODUCTOS VALUES (8,40,200,'YOGURT DE SABORES',1.60,200);
INSERT INTO PEDIDOS.PRODUCTOS VALUES (9,40,200,'CREMA DE LECHE',3.60,30);
INSERT INTO PEDIDOS.PRODUCTOS VALUES (10,50,600,'BASE DE MAQUILLAJE',14.70,40);
INSERT INTO PEDIDOS.PRODUCTOS VALUES (11,50,600,'RIMMEL',12.90,20);
INSERT INTO PEDIDOS.PRODUCTOS VALUES (13,60,600,'SOMBRA DE OJOS',9.80,100);
set textstyle to dmy;

INSERT INTO PEDIDOS.EMPLEADOS VALUES (1,'JUAN', 'CRUZ', '18/01/67',null, 231);
INSERT INTO PEDIDOS.EMPLEADOS VALUES (2,'MARIO', 'SANCHEZ', '01/03/79',1,144);
INSERT INTO PEDIDOS.EMPLEADOS VALUES (3,'VERONICA', 'ARIAS', '23/06/77',1, 234);
INSERT INTO PEDIDOS.EMPLEADOS VALUES (4,'PABLO', 'CELY', '28/01/77',2, 567);
INSERT INTO PEDIDOS.EMPLEADOS VALUES (5,'DIEGO', 'ANDRADE', '15/05/70',2, 890);
INSERT INTO PEDIDOS.EMPLEADOS VALUES (6,'JUAN', 'ANDRADE', '17/11/76',3, 230);
INSERT INTO PEDIDOS.EMPLEADOS VALUES (7,'MARIA', 'NOBOA', '21/12/79',3, 261);

INSERT INTO PEDIDOS.CLIENTES VALUES (1,'1890786576','SUPERMERCADO ESTRELLA','JUAN ALBAN','AV.AMAZONAS',NULL,NULL,NULL,NULL);
INSERT INTO PEDIDOS.CLIENTES VALUES (2,'1298765477','EL ROSADO','MARIA CORDERO','AV.AEL INCA',NULL,NULL,NULL,NULL);
INSERT INTO PEDIDOS.CLIENTES VALUES (3,'1009876567','DISTRIBUIDORA PRENSA','PEDRO PINTO','EL PINAR',NULL,NULL,NULL,NULL);
INSERT INTO PEDIDOS.CLIENTES VALUES (4,'1876090006','SU TIENDA','PABLO PONCE','AV.AMAZONAS',NULL,NULL,NULL,NULL);
INSERT INTO PEDIDOS.CLIENTES VALUES (5,'1893456776','SUPERMERCADO DORADO','LORENA PAZ','AV.6 DICIEMBRE',NULL,NULL,NULL,NULL);
INSERT INTO PEDIDOS.CLIENTES VALUES (6,'1678999891','MI COMISARIATO','ROSARIO UTRERAS','AV.AMAZONAS',NULL,NULL,NULL,NULL);
INSERT INTO PEDIDOS.CLIENTES VALUES (7,'1244567888','SUPERMERCADO DESCUENTO','LETICIA ORTEGA','AV.LA PRENSA',NULL,NULL,NULL,NULL);
INSERT INTO PEDIDOS.CLIENTES VALUES (8,'1456799022','EL DESCUENTO','JUAN TORRES','AV.PATRIA',NULL,NULL,NULL,NULL);
INSERT INTO PEDIDOS.CLIENTES VALUES (9,'1845677777','DE LUISE','JORGE PARRA','AV.AMAZONAS',NULL,NULL,NULL,NULL);
INSERT INTO PEDIDOS.CLIENTES VALUES (10,'183445667','YARBANTRELLA','PABLO POLIT','AV.REPUBLICA',NULL,NULL,NULL,NULL);

INSERT INTO PEDIDOS.ORDENES VALUES(1,3,4,'17/06/07', 5);
INSERT INTO PEDIDOS.ORDENES VALUES(2,3,4,'02/06/07', 10);
INSERT INTO PEDIDOS.ORDENES VALUES(3,4,5,'05/06/07', 6);
INSERT INTO PEDIDOS.ORDENES VALUES(4,2,6,'06/06/07', 2);
INSERT INTO PEDIDOS.ORDENES VALUES(5,2,7,'09/06/07', NULL);
INSERT INTO PEDIDOS.ORDENES VALUES(6,4,5,'12/06/07', 10);
INSERT INTO PEDIDOS.ORDENES VALUES(7,2,5,'14/06/07', 10);
INSERT INTO PEDIDOS.ORDENES VALUES(8,3,2,'13/06/07', 10);
INSERT INTO PEDIDOS.ORDENES VALUES(9,3,2,'17/06/07', 3);
INSERT INTO PEDIDOS.ORDENES VALUES(10,2,2,'18/06/07', 2);

INSERT INTO PEDIDOS.detalle_ordenes VALUES(1,1,1,2);
INSERT INTO PEDIDOS.detalle_ordenes VALUES(1,2,4,1);
INSERT INTO PEDIDOS.detalle_ordenes VALUES(1,3,6,1);
INSERT INTO PEDIDOS.detalle_ordenes VALUES(1,4,9,1);
INSERT INTO PEDIDOS.detalle_ordenes VALUES(2,1,10,10);
INSERT INTO PEDIDOS.detalle_ordenes VALUES(2,2,13,20);
INSERT INTO PEDIDOS.detalle_ordenes VALUES(3,1,3,10);
INSERT INTO PEDIDOS.detalle_ordenes VALUES(4,1,9,12);
INSERT INTO PEDIDOS.detalle_ordenes VALUES(5,1,1,14);
INSERT INTO PEDIDOS.detalle_ordenes VALUES(5,2,4,20);
INSERT INTO PEDIDOS.detalle_ordenes VALUES(6,1,3,12);
INSERT INTO PEDIDOS.detalle_ordenes VALUES(7,1,11,10);
INSERT INTO PEDIDOS.detalle_ordenes VALUES(8,1,2,10);
INSERT INTO PEDIDOS.detalle_ordenes VALUES(8,2,5,14);
INSERT INTO PEDIDOS.detalle_ordenes VALUES(8,3,7,10);
INSERT INTO PEDIDOS.detalle_ordenes VALUES(9,1,11,10);
INSERT INTO PEDIDOS.detalle_ordenes VALUES(10,1,1,5);